set search_path=oper_eal;

-- Inserir dados fictícios na tabela Aluno
INSERT INTO Aluno (AlunoCPF, AlunoSenha, AlunoNome, AlunoEmail, AlunoCelular, DataNascimento, Logradouro, Municipio, Bairro, Estado, AlunoID, Sexo)
VALUES 
('12345678901', 'senha123', 'João Silva', 'joao.silva@email.com', '11111111111', '2000-01-01', 'Rua A, 123', 'São Paulo', 'Centro', 'SP', 1, 'M'),
('23456789012', 'senha456', 'Maria Oliveira', 'maria.oliveira@email.com', '22222222222', '1995-05-10', 'Rua B, 456', 'Rio de Janeiro', 'Copacabana', 'RJ', 2, 'F'),
('34567890123', 'senha789', 'Pedro Souza', 'pedro.souza@email.com', '33333333333', '1998-03-15', 'Rua C, 789', 'Belo Horizonte', 'Savassi', 'MG', 3, 'M'),
('45678901234', 'senha321', 'Ana Lima', 'ana.lima@email.com', '44444444444', '2001-07-20', 'Rua D, 321', 'Niterói', 'Batel', 'RJ', 4, 'F'),
('56789012345', 'senha654', 'Carlos Santos', 'carlos.santos@email.com', '55555555555', '1997-12-30', 'Rua E, 654', 'Juiz de Fora', 'Centro', 'MG', 5, 'M');

-- Inserir dados fictícios na tabela Veiculo
INSERT INTO Veiculo (IDVeiculo, Modelo, VeiculoTipo)
VALUES 
(1, 'Fiat Uno', 'Carro'),
(2, 'Honda CG 150', 'Moto'),
(3, 'Toyota Corolla', 'Carro'),
(4, 'Yamaha YBR', 'Moto'),
(5, 'Volkswagen Gol', 'Carro'),
(6, 'Mercedes-Benz L-312', 'Ônibus'),
(7, 'Volvo FH', 'Caminhão'),
(8, 'Kombão', 'Motorhome');

-- Inserir dados fictícios na tabela Sala
INSERT INTO Sala (IDSala, CapacidadeMax)
VALUES 
(1, 30),
(2, 30),
(3, 30),
(4, 30),
(5, 30);

-- Inserir dados fictícios na tabela Tema
INSERT INTO Tema (QuantidadeAula, TemaNome, TemaID)
VALUES 
(16, 'Direção Defensiva', 1),
(18, 'Legislação de Trânsito', 2),
(4, 'Primeiros Socorros', 3),
(3, 'Mecânica Básica', 4),
(4, 'Meio Ambiente', 5);

-- Inserir dados fictícios na tabela Funcionario
INSERT INTO Funcionario (Salario, FuncCPF, FuncCelular, FuncEmail, FuncID, Cargo, FuncNome, FuncSenha)
VALUES 
(3000.00, '11111111111', '99999999999', 'func1@email.com', 1, 'Instrutor', 'Instrutor 1', 'senha1'),
(3200.00, '22222222222', '88888888888', 'func2@email.com', 2, 'Instrutor', 'Instrutor 2', 'senha2'),
(3400.00, '33333333333', '77777777777', 'func3@email.com', 3, 'Instrutor', 'Instrutor 3', 'senha3'),
(3600.00, '44444444444', '66666666666', 'func4@email.com', 4, 'Instrutor', 'Instrutor 4', 'senha4'),
(3800.00, '55555555555', '55555555555', 'func5@email.com', 5, 'Instrutor', 'Instrutor 5', 'senha5');

-- Inserir dados fictícios na tabela ServicoAutoEsc
INSERT INTO ServicoAutoEsc (ServicoTipo, ServicoValor, ServicoID, ServicoDescricao)
VALUES 
('Pacote Aulas', 1500.00, 1, 'Pacote contendo todas as aulas obrigatórias'),
('Aula Teórica', 50.00, 2, 'Aula teórica'),
('Aula Prática', 160.00, 3, 'Aula prática de direção'),
('Exames - Primeira Tentativa', 230.00, 4, 'Primeira marcação dos exames práticos e teóricos'),
('Exame Teórico - Repetição', 100.00, 5, 'Repetição do exame teórico, em caso de reprovação'),
('Exame Prático - Repetição', 300.00, 6, 'Repetição do exame prático de direção, em caso de reprovação'),
('Duda', 315.00, 7, 'Taxa de imposto paga ao governo para realização dos exames');

-- Inserir dados fictícios na tabela Pagamento
INSERT INTO Pagamento (PagtoID, PagtoValor, PagtoData, FuncID)
VALUES 
(1, 3000.00, '2024-02-05', 1),
(2, 3200.00, '2024-02-05', 2),
(3, 3400.00, '2024-02-05', 3),
(4, 3600.00, '2024-02-05', 4),
(5, 3800.00, '2024-02-05', 5);

-- Inserir dados fictícios na tabela Exame
INSERT INTO Exame (Status, ExameID, DtHrIni, DtHrFim, AlunoID, FuncID)
VALUES 
('Aprovado', 1, '2024-01-21 09:00:00', '2024-01-21 12:00:00', 1, 1),
('Reprovado', 2, '2024-01-21 09:00:00', '2024-01-21 12:00:00', 2, 2),
('Aprovado', 3, '2024-01-21 09:00:00', '2024-01-21 12:00:00', 3, 1),
('Reprovado', 4, '2024-01-21 09:00:00', '2024-01-21 12:00:00', 4, 2),
('Aprovado', 5, '2024-01-21 09:00:00', '2024-01-21 12:00:00', 5, 1),
('Reprovado', 6, '2024-01-28 09:00:00', '2024-01-28 12:00:00', 2, 2),
('Aprovado', 7, '2024-02-07 09:00:00', '2024-02-07 13:00:00', 1, 3),
('Reprovado', 8, '2024-02-07 09:00:00', '2024-02-07 13:00:00', 3, 4),
('Reprovado', 9, '2024-02-07 09:00:00', '2024-02-07 13:00:00', 5, 3),
('Aprovado', 10, '2024-02-14 09:00:00', '2024-02-14 13:00:00', 5, 3);

-- Inserir dados fictícios na tabela ExamePratico
INSERT INTO ExamePratico (ExameID, IDVeiculo)
VALUES 
(7, 4),
(8, 6),
(9, 1),
(10, 1);

-- Inserir dados fictícios na tabela ExameTeorica
INSERT INTO ExameTeorica (ExameID, IDSala)
VALUES 
(1, 1),
(2, 2),
(3, 1),
(4, 2),
(5, 1),
(6, 5);

-- Inserir dados fictícios na tabela AlunoPaga
INSERT INTO AlunoPaga (TransacaoData, AlunoID, Quantidade, ServicoID)
VALUES 
('2024-01-02 09:53:00', 1, 1, 1),
('2024-01-02 09:53:00', 1, 1, 7),
('2024-01-02 09:53:00', 1, 1, 4),
('2024-01-02 19:02:00', 2, 1, 1),
('2024-01-02 19:02:00', 2, 1, 7),
('2024-01-02 19:02:00', 2, 1, 4),
('2024-01-04 12:01:00', 3, 1, 1),
('2024-01-04 12:01:00', 3, 1, 7),
('2024-01-04 12:01:00', 3, 1, 4),
('2024-01-07 09:00:00', 4, 1, 1),
('2024-01-07 09:00:00', 4, 1, 7),
('2024-01-07 09:00:00', 4, 1, 4),
('2024-01-11 17:00:00', 5, 1, 1),
('2024-01-11 17:00:00', 5, 1, 7),
('2024-01-11 17:00:00', 5, 1, 4),
('2024-01-23 13:32:00', 2, 1, 5),
('2024-02-09 13:32:00', 5, 5, 3),
('2024-02-09 13:32:00', 5, 1, 6);

-- Inserir dados fictícios na tabela Aula
INSERT INTO Aula (AulaData, AulaID, FuncID)
VALUES 
('2024-01-11', 1, 1),
('2024-01-20', 2, 2),
('2024-01-11', 3, 1),
('2024-01-31', 4, 3),
('2024-02-10', 5, 3);

-- Inserir dados fictícios na tabela AulaPratica
INSERT INTO AulaPratica (AulaID, AlunoID)
VALUES 
(4, 1),
(5, 5);

-- Inserir dados fictícios na tabela AulaTeorica
INSERT INTO AulaTeorica (AulaID, TemaID)
VALUES 
(1, 1),
(2, 4),
(3, 1);

-- Inserir dados fictícios na tabela AulaTSala
INSERT INTO AulaTSala (DtHrInicio, DtHrFim, AulaID, IDSala)
VALUES 
('2024-01-11 13:00:00', '2024-01-11 14:00:00', 1, 1),
('2024-01-20 11:00:00', '2024-01-20 12:00:00', 2, 2),
('2024-01-11 13:00:00', '2024-01-11 14:00:00', 3, 1);

-- Inserir dados fictícios na tabela VeiculoAula
INSERT INTO VeiculoAula (DtHrInicio, DtHrFim, AulaID, IDVeiculo)
VALUES 
('2024-01-31 15:00:00', '2024-01-31 16:00:00', 4, 2),
('2024-02-10 17:00:00', '2024-02-10 18:00:00', 5, 1);

-- Inserir dados fictícios na tabela AulaTAluno
INSERT INTO AulaTAluno (PresencaAluno, AulaID, AlunoID)
VALUES 
(1, 1, 1),
(1, 2, 2),
(1, 3, 3);

INSERT INTO CondutoresHabilitados (CondID, UF, Sexo, FaixaEtaria, CategoriaHabilitacao, Quantidade)
VALUES
(1, 'ES', 'M', '18 a 21', 'A-Condutor Moto', 623),
(2, 'ES', 'M', '18 a 21', 'AB-Condutor Moto/Carro', 23009),
(3, 'ES', 'M', '18 a 21', 'AC-Condutor Moto/Caminhão', 225),
(4, 'ES', 'M', '18 a 21', 'AD-Condutor Moto/Ônibus', 82),
(5, 'ES', 'M', '18 a 21', 'AE-Condutor Moto/Carreta', 7),
(6, 'ES', 'M', '18 a 21', 'B-Condutor Carro', 5371),
(7, 'ES', 'M', '18 a 21', 'C-Condutor Caminhão', 19),
(8, 'ES', 'M', '18 a 21', 'D-Condutor Ônibus', 2),
(9, 'ES', 'M', '18 a 21', 'E-Condutor Carreta', 2),
(10, 'ES', 'M', '22 a 25', 'A-Condutor Moto', 2147),
(11, 'ES', 'M', '22 a 25', 'AB-Condutor Moto/Carro', 48377),
(12, 'ES', 'M', '22 a 25', 'AC-Condutor Moto/Caminhão', 558),
(13, 'ES', 'M', '22 a 25', 'AD-Condutor Moto/Ônibus', 3513),
(14, 'ES', 'M', '22 a 25', 'AE-Condutor Moto/Carreta', 461),
(15, 'ES', 'M', '22 a 25', 'B-Condutor Carro', 11834),
(16, 'ES', 'M', '22 a 25', 'C-Condutor Caminhão', 36),
(17, 'ES', 'M', '22 a 25', 'D-Condutor Ônibus', 208),
(18, 'ES', 'M', '22 a 25', 'E-Condutor Carreta', 35),
(19, 'ES', 'M', '26 a 30', 'A-Condutor Moto', 3299),
(20, 'ES', 'M', '26 a 30', 'AB-Condutor Moto/Carro', 71194),
(21, 'ES', 'M', '26 a 30', 'AC-Condutor Moto/Caminhão', 828),
(22, 'ES', 'M', '26 a 30', 'AD-Condutor Moto/Ônibus', 10059),
(23, 'ES', 'M', '26 a 30', 'AE-Condutor Moto/Carreta', 1936),
(24, 'ES', 'M', '26 a 30', 'B-Condutor Carro', 19751),
(25, 'ES', 'M', '26 a 30', 'C-Condutor Caminhão', 55),
(26, 'ES', 'M', '26 a 30', 'D-Condutor Ônibus', 799),
(27, 'ES', 'M', '26 a 30', 'E-Condutor Carreta', 181),
(28, 'ES', 'M', '26 a 30', 'XB-Condutor Ciclomotor/Carro', 1),
(29, 'ES', 'M', '31 a 40', 'A-Condutor Moto', 6832),
(30, 'ES', 'M', '31 a 40', 'AB-Condutor Moto/Carro', 148731),
(31, 'ES', 'M', '31 a 40', 'AC-Condutor Moto/Caminhão', 1789),
(32, 'ES', 'M', '31 a 40', 'AD-Condutor Moto/Ônibus', 41714),
(33, 'ES', 'M', '31 a 40', 'AE-Condutor Moto/Carreta', 13095),
(34, 'ES', 'M', '31 a 40', 'B-Condutor Carro', 45993),
(35, 'ES', 'M', '31 a 40', 'C-Condutor Caminhão', 188),
(36, 'ES', 'M', '31 a 40', 'D-Condutor Ônibus', 4040),
(37, 'ES', 'M', '31 a 40', 'E-Condutor Carreta', 1182),
(38, 'ES', 'M', '31 a 40', 'XB-Condutor Ciclomotor/Carro', 8),
(39, 'ES', 'M', '31 a 40', 'XD-Condutor Ciclomotor/Ônibus', 1),
(40, 'ES', 'M', '41 a 50', 'A-Condutor Moto', 5204),
(41, 'ES', 'M', '41 a 50', 'AB-Condutor Moto/Carro', 103036),
(42, 'ES', 'M', '41 a 50', 'AC-Condutor Moto/Caminhão', 3042),
(43, 'ES', 'M', '41 a 50', 'AD-Condutor Moto/Ônibus', 38676),
(44, 'ES', 'M', '41 a 50', 'AE-Condutor Moto/Carreta', 16048),
(45, 'ES', 'M', '41 a 50', 'B-Condutor Carro', 57067),
(46, 'ES', 'M', '41 a 50', 'C-Condutor Caminhão', 1139),
(47, 'ES', 'M', '41 a 50', 'D-Condutor Ônibus', 10298),
(48, 'ES', 'M', '41 a 50', 'E-Condutor Carreta', 4898),
(49, 'ES', 'M', '41 a 50', 'XB-Condutor Ciclomotor/Carro', 5),
(50, 'ES', 'M', '51 a 60', 'A-Condutor Moto', 4147),
(51, 'ES', 'M', '51 a 60', 'AB-Condutor Moto/Carro', 59186),
(52, 'ES', 'M', '51 a 60', 'AC-Condutor Moto/Caminhão', 6407),
(53, 'ES', 'M', '51 a 60', 'AD-Condutor Moto/Ônibus', 19925),
(54, 'ES', 'M', '51 a 60', 'AE-Condutor Moto/Carreta', 7527),
(55, 'ES', 'M', '51 a 60', 'B-Condutor Carro', 56708),
(56, 'ES', 'M', '51 a 60', 'C-Condutor Caminhão', 4286),
(57, 'ES', 'M', '51 a 60', 'D-Condutor Ônibus', 12896),
(58, 'ES', 'M', '51 a 60', 'E-Condutor Carreta', 4958),
(59, 'ES', 'M', '51 a 60', 'XB-Condutor Ciclomotor/Carro', 10),
(60, 'ES', 'M', '61 a 70', 'A-Condutor Moto', 1909),
(61, 'ES', 'M', '61 a 70', 'AB-Condutor Moto/Carro', 27486),
(62, 'ES', 'M', '61 a 70', 'AC-Condutor Moto/Caminhão', 2497),
(63, 'ES', 'M', '61 a 70', 'AD-Condutor Moto/Ônibus', 8812),
(64, 'ES', 'M', '61 a 70', 'AE-Condutor Moto/Carreta', 2236),
(65, 'ES', 'M', '61 a 70', 'B-Condutor Carro', 61746),
(66, 'ES', 'M', '61 a 70', 'C-Condutor Caminhão', 4474),
(67, 'ES', 'M', '61 a 70', 'D-Condutor Ônibus', 16952),
(68, 'ES', 'M', '61 a 70', 'E-Condutor Carreta', 3945),
(69, 'ES', 'M', '61 a 70', 'XB-Condutor Ciclomotor/Carro', 8),
(70, 'ES', 'M', '71 a 80', 'A-Condutor Moto', 470),
(71, 'ES', 'M', '71 a 80', 'AB-Condutor Moto/Carro', 7897),
(72, 'ES', 'M', '71 a 80', 'AC-Condutor Moto/Caminhão', 442),
(73, 'ES', 'M', '71 a 80', 'AD-Condutor Moto/Ônibus', 1300),
(74, 'ES', 'M', '71 a 80', 'AE-Condutor Moto/Carreta', 289),
(75, 'ES', 'M', '71 a 80', 'B-Condutor Carro', 42656),
(76, 'ES', 'M', '71 a 80', 'C-Condutor Caminhão', 2252),
(77, 'ES', 'M', '71 a 80', 'D-Condutor Ônibus', 6671),
(78, 'ES', 'M', '71 a 80', 'E-Condutor Carreta', 1203),
(79, 'ES', 'M', '71 a 80', 'X-Condutor Ciclomotor', 2),
(80, 'ES', 'M', '81 a 90', 'A-Condutor Moto', 106),
(81, 'ES', 'M', '81 a 90', 'AB-Condutor Moto/Carro', 1924),
(82, 'ES', 'M', '81 a 90', 'AC-Condutor Moto/Caminhão', 96),
(83, 'ES', 'M', '81 a 90', 'AD-Condutor Moto/Ônibus', 225),
(84, 'ES', 'M', '81 a 90', 'AE-Condutor Moto/Carreta', 33),
(85, 'ES', 'M', '81 a 90', 'B-Condutor Carro', 20299),
(86, 'ES', 'M', '81 a 90', 'C-Condutor Caminhão', 1138),
(87, 'ES', 'M', '81 a 90', 'D-Condutor Ônibus', 2193),
(88, 'ES', 'M', '81 a 90', 'E-Condutor Carreta', 187),
(89, 'ES', 'M', '91 a 100', 'A-Condutor Moto', 19),
(90, 'ES', 'M', '91 a 100', 'AB-Condutor Moto/Carro', 307),
(91, 'ES', 'M', '91 a 100', 'AC-Condutor Moto/Caminhão', 10),
(92, 'ES', 'M', '91 a 100', 'AD-Condutor Moto/Ônibus', 21),
(93, 'ES', 'M', '91 a 100', 'AE-Condutor Moto/Carreta', 2),
(94, 'ES', 'M', '91 a 100', 'B-Condutor Carro', 7343),
(95, 'ES', 'M', '91 a 100', 'C-Condutor Caminhão', 240),
(96, 'ES', 'M', '91 a 100', 'D-Condutor Ônibus', 296),
(97, 'ES', 'M', '91 a 100', 'E-Condutor Carreta', 21),
(98, 'ES', 'M', '101 a 120', 'A-Condutor Moto', 1),
(99, 'ES', 'M', '101 a 120', 'AB-Condutor Moto/Carro', 17),
(100, 'ES', 'M', '101 a 120', 'B-Condutor Carro', 825),
(101, 'ES', 'M', '101 a 120', 'C-Condutor Caminhão', 5),
(102, 'ES', 'M', '101 a 120', 'D-Condutor Ônibus', 8),
(103, 'ES', 'F', '18 a 21', 'A-Condutor Moto', 278),
(104, 'ES', 'F', '18 a 21', 'AB-Condutor Moto/Carro', 8592),
(105, 'ES', 'F', '18 a 21', 'AC-Condutor Moto/Caminhão', 2),
(106, 'ES', 'F', '18 a 21', 'B-Condutor Carro', 4660),
(107, 'ES', 'F', '22 a 25', 'A-Condutor Moto', 1263),
(108, 'ES', 'F', '22 a 25', 'AB-Condutor Moto/Carro', 21417),
(109, 'ES', 'F', '22 a 25', 'AC-Condutor Moto/Caminhão', 5),
(110, 'ES', 'F', '22 a 25', 'AD-Condutor Moto/Ônibus', 127),
(111, 'ES', 'F', '22 a 25', 'AE-Condutor Moto/Carreta', 1),
(112, 'ES', 'F', '22 a 25', 'B-Condutor Carro', 12248),
(113, 'ES', 'F', '22 a 25', 'C-Condutor Caminhão', 1),
(114, 'ES', 'F', '22 a 25', 'D-Condutor Ônibus', 9),
(115, 'ES', 'F', '22 a 25', 'E-Condutor Carreta', 1),
(116, 'ES', 'F', '26 a 30', 'A-Condutor Moto', 2581),
(117, 'ES', 'F', '26 a 30', 'AB-Condutor Moto/Carro', 37428),
(118, 'ES', 'F', '26 a 30', 'AC-Condutor Moto/Caminhão', 15),
(119, 'ES', 'F', '26 a 30', 'AD-Condutor Moto/Ônibus', 442),
(120, 'ES', 'F', '26 a 30', 'AE-Condutor Moto/Carreta', 22),
(121, 'ES', 'F', '26 a 30', 'B-Condutor Carro', 24422),
(122, 'ES', 'F', '26 a 30', 'C-Condutor Caminhão', 2),
(123, 'ES', 'F', '26 a 30', 'D-Condutor Ônibus', 63),
(124, 'ES', 'F', '26 a 30', 'E-Condutor Carreta', 1),
(125, 'ES', 'F', '26 a 30', 'XB-Condutor Ciclomotor/Carro', 1),
(126, 'ES', 'F', '31 a 40', 'A-Condutor Moto', 6231),
(127, 'ES', 'F', '31 a 40', 'AB-Condutor Moto/Carro', 83458),
(128, 'ES', 'F', '31 a 40', 'AC-Condutor Moto/Caminhão', 16),
(129, 'ES', 'F', '31 a 40', 'AD-Condutor Moto/Ônibus', 2023),
(130, 'ES', 'F', '31 a 40', 'AE-Condutor Moto/Carreta', 182),
(131, 'ES', 'F', '31 a 40', 'B-Condutor Carro', 68874),
(132, 'ES', 'F', '31 a 40', 'C-Condutor Caminhão', 5),
(133, 'ES', 'F', '31 a 40', 'D-Condutor Ônibus', 436),
(134, 'ES', 'F', '31 a 40', 'E-Condutor Carreta', 18),
(135, 'ES', 'F', '31 a 40', 'XB-Condutor Ciclomotor/Carro', 8),
(136, 'ES', 'F', '31 a 40', 'XE-Condutor Ciclomotor/Carreta', 1),
(137, 'ES', 'F', '41 a 50', 'A-Condutor Moto', 4993),
(138, 'ES', 'F', '41 a 50', 'AB-Condutor Moto/Carro', 45608),
(139, 'ES', 'F', '41 a 50', 'AC-Condutor Moto/Caminhão', 39),
(140, 'ES', 'F', '41 a 50', 'AD-Condutor Moto/Ônibus', 1400),
(141, 'ES', 'F', '41 a 50', 'AE-Condutor Moto/Carreta', 170),
(142, 'ES', 'F', '41 a 50', 'B-Condutor Carro', 73715),
(143, 'ES', 'F', '41 a 50', 'C-Condutor Caminhão', 16),
(144, 'ES', 'F', '41 a 50', 'D-Condutor Ônibus', 827),
(145, 'ES', 'F', '41 a 50', 'E-Condutor Carreta', 40),
(146, 'ES', 'F', '41 a 50', 'XB-Condutor Ciclomotor/Carro', 12),
(147, 'ES', 'F', '51 a 60', 'A-Condutor Moto', 2359),
(148, 'ES', 'F', '51 a 60', 'AB-Condutor Moto/Carro', 15153),
(149, 'ES', 'F', '51 a 60', 'AC-Condutor Moto/Caminhão', 59),
(150, 'ES', 'F', '51 a 60', 'AD-Condutor Moto/Ônibus', 449),
(151, 'ES', 'F', '51 a 60', 'AE-Condutor Moto/Carreta', 51),
(152, 'ES', 'F', '51 a 60', 'B-Condutor Carro', 55177),
(153, 'ES', 'F', '51 a 60', 'C-Condutor Caminhão', 77),
(154, 'ES', 'F', '51 a 60', 'D-Condutor Ônibus', 598),
(155, 'ES', 'F', '51 a 60', 'E-Condutor Carreta', 26),
(156, 'ES', 'F', '51 a 60', 'X-Condutor Ciclomotor', 1),
(157, 'ES', 'F', '51 a 60', 'XB-Condutor Ciclomotor/Carro', 4),
(158, 'ES', 'F', '61 a 70', 'A-Condutor Moto', 433),
(159, 'ES', 'F', '61 a 70', 'AB-Condutor Moto/Carro', 2875),
(160, 'ES', 'F', '61 a 70', 'AC-Condutor Moto/Caminhão', 12),
(161, 'ES', 'F', '61 a 70', 'AD-Condutor Moto/Ônibus', 93),
(162, 'ES', 'F', '61 a 70', 'AE-Condutor Moto/Carreta', 12),
(163, 'ES', 'F', '61 a 70', 'B-Condutor Carro', 38179),
(164, 'ES', 'F', '61 a 70', 'C-Condutor Caminhão', 77),
(165, 'ES', 'F', '61 a 70', 'D-Condutor Ônibus', 346),
(166, 'ES', 'F', '61 a 70', 'E-Condutor Carreta', 17),
(167, 'ES', 'F', '61 a 70', 'XB-Condutor Ciclomotor/Carro', 2),
(168, 'ES', 'F', '71 a 80', 'A-Condutor Moto', 28),
(169, 'ES', 'F', '71 a 80', 'AB-Condutor Moto/Carro', 290),
(170, 'ES', 'F', '71 a 80', 'AC-Condutor Moto/Caminhão', 2),
(171, 'ES', 'F', '71 a 80', 'AD-Condutor Moto/Ônibus', 9),
(172, 'ES', 'F', '71 a 80', 'AE-Condutor Moto/Carreta', 4),
(173, 'ES', 'F', '71 a 80', 'B-Condutor Carro', 15403),
(174, 'ES', 'F', '71 a 80', 'C-Condutor Caminhão', 31),
(175, 'ES', 'F', '71 a 80', 'D-Condutor Ônibus', 93),
(176, 'ES', 'F', '71 a 80', 'E-Condutor Carreta', 2),
(177, 'ES', 'F', '81 a 90', 'A-Condutor Moto', 2),
(178, 'ES', 'F', '81 a 90', 'AB-Condutor Moto/Carro', 25),
(179, 'ES', 'F', '81 a 90', 'AC-Condutor Moto/Caminhão', 1),
(180, 'ES', 'F', '81 a 90', 'B-Condutor Carro', 4286),
(181, 'ES', 'F', '81 a 90', 'C-Condutor Caminhão', 6),
(182, 'ES', 'F', '81 a 90', 'D-Condutor Ônibus', 21),
(183, 'ES', 'F', '81 a 90', 'E-Condutor Carreta', 1),
(184, 'ES', 'F', '91 a 100', 'AD-Condutor Moto/Ônibus', 1),
(185, 'ES', 'F', '91 a 100', 'B-Condutor Carro', 771),
(186, 'ES', 'F', '91 a 100', 'C-Condutor Caminhão', 1),
(187, 'ES', 'F', '91 a 100', 'D-Condutor Ônibus', 2),
(188, 'ES', 'F', '101 a 120', 'B-Condutor Carro', 35),
(189, 'MG', 'M', '18 a 21', 'A-Condutor Moto', 32910),
(190, 'MG', 'M', '18 a 21', 'AB-Condutor Moto/Carro', 49264),
(191, 'MG', 'M', '18 a 21', 'AC-Condutor Moto/Caminhão', 582),
(192, 'MG', 'M', '18 a 21', 'AD-Condutor Moto/Ônibus', 570),
(193, 'MG', 'M', '18 a 21', 'AE-Condutor Moto/Carreta', 49),
(194, 'MG', 'M', '18 a 21', 'B-Condutor Carro', 83325),
(195, 'MG', 'M', '18 a 21', 'C-Condutor Caminhão', 425),
(196, 'MG', 'M', '18 a 21', 'D-Condutor Ônibus', 216),
(197, 'MG', 'M', '18 a 21', 'E-Condutor Carreta', 30),
(198, 'MG', 'M', '22 a 25', 'A-Condutor Moto', 50586),
(199, 'MG', 'M', '22 a 25', 'AB-Condutor Moto/Carro', 119539),
(200, 'MG', 'M', '22 a 25', 'AC-Condutor Moto/Caminhão', 1194),
(201, 'MG', 'M', '22 a 25', 'AD-Condutor Moto/Ônibus', 12239),
(202, 'MG', 'M', '22 a 25', 'AE-Condutor Moto/Carreta', 1987),
(203, 'MG', 'M', '22 a 25', 'B-Condutor Carro', 148059),
(204, 'MG', 'M', '22 a 25', 'C-Condutor Caminhão', 803),
(205, 'MG', 'M', '22 a 25', 'D-Condutor Ônibus', 5693),
(206, 'MG', 'M', '22 a 25', 'E-Condutor Carreta', 940),
(207, 'MG', 'M', '22 a 25', 'X-Condutor Ciclomotor', 2),
(208, 'MG', 'M', '22 a 25', 'XB-Condutor Ciclomotor/Carro', 3),
(209, 'MG', 'M', '22 a 25', 'XD-Condutor Ciclomotor/Ônibus', 1),
(210, 'MG', 'M', '22 a 25', 'XE-Condutor Ciclomotor/Carreta', 1),
(211, 'MG', 'M', '26 a 30', 'A-Condutor Moto', 50486),
(212, 'MG', 'M', '26 a 30', 'AB-Condutor Moto/Carro', 201633),
(213, 'MG', 'M', '26 a 30', 'AC-Condutor Moto/Caminhão', 1620),
(214, 'MG', 'M', '26 a 30', 'AD-Condutor Moto/Ônibus', 33274),
(215, 'MG', 'M', '26 a 30', 'AE-Condutor Moto/Carreta', 7351),
(216, 'MG', 'M', '26 a 30', 'B-Condutor Carro', 212087),
(217, 'MG', 'M', '26 a 30', 'C-Condutor Caminhão', 1080),
(218, 'MG', 'M', '26 a 30', 'D-Condutor Ônibus', 14206),
(219, 'MG', 'M', '26 a 30', 'E-Condutor Carreta', 3200),
(220, 'MG', 'M', '26 a 30', 'XB-Condutor Ciclomotor/Carro', 2),
(221, 'MG', 'M', '26 a 30', 'XE-Condutor Ciclomotor/Carreta', 1),
(222, 'MG', 'M', '31 a 40', 'A-Condutor Moto', 71794),
(223, 'MG', 'M', '31 a 40', 'AB-Condutor Moto/Carro', 469611),
(224, 'MG', 'M', '31 a 40', 'AC-Condutor Moto/Caminhão', 4044),
(225, 'MG', 'M', '31 a 40', 'AD-Condutor Moto/Ônibus', 129947),
(226, 'MG', 'M', '31 a 40', 'AE-Condutor Moto/Carreta', 39143),
(227, 'MG', 'M', '31 a 40', 'B-Condutor Carro', 422012),
(228, 'MG', 'M', '31 a 40', 'C-Condutor Caminhão', 2399),
(229, 'MG', 'M', '31 a 40', 'D-Condutor Ônibus', 48661),
(230, 'MG', 'M', '31 a 40', 'E-Condutor Carreta', 13571),
(231, 'MG', 'M', '31 a 40', 'X-Condutor Ciclomotor', 3),
(232, 'MG', 'M', '31 a 40', 'XB-Condutor Ciclomotor/Carro', 6),
(233, 'MG', 'M', '31 a 40', 'XD-Condutor Ciclomotor/Ônibus', 1),
(234, 'MG', 'M', '31 a 40', 'XE-Condutor Ciclomotor/Carreta', 1),
(235, 'MG', 'M', '41 a 50', 'A-Condutor Moto', 42061),
(236, 'MG', 'M', '41 a 50', 'AB-Condutor Moto/Carro', 354922),
(237, 'MG', 'M', '41 a 50', 'AC-Condutor Moto/Caminhão', 12634),
(238, 'MG', 'M', '41 a 50', 'AD-Condutor Moto/Ônibus', 127856),
(239, 'MG', 'M', '41 a 50', 'AE-Condutor Moto/Carreta', 42546),
(240, 'MG', 'M', '41 a 50', 'B-Condutor Carro', 410286),
(241, 'MG', 'M', '41 a 50', 'C-Condutor Caminhão', 8069),
(242, 'MG', 'M', '41 a 50', 'D-Condutor Ônibus', 74146),
(243, 'MG', 'M', '41 a 50', 'E-Condutor Carreta', 22765),
(244, 'MG', 'M', '41 a 50', 'X-Condutor Ciclomotor', 1),
(245, 'MG', 'M', '41 a 50', 'XB-Condutor Ciclomotor/Carro', 7),
(246, 'MG', 'M', '41 a 50', 'XD-Condutor Ciclomotor/Ônibus', 1),
(247, 'MG', 'M', '51 a 60', 'A-Condutor Moto', 26234),
(248, 'MG', 'M', '51 a 60', 'AB-Condutor Moto/Carro', 218929),
(249, 'MG', 'M', '51 a 60', 'AC-Condutor Moto/Caminhão', 22376),
(250, 'MG', 'M', '51 a 60', 'AD-Condutor Moto/Ônibus', 77687),
(251, 'MG', 'M', '51 a 60', 'AE-Condutor Moto/Carreta', 20714),
(252, 'MG', 'M', '51 a 60', 'B-Condutor Carro', 350823),
(253, 'MG', 'M', '51 a 60', 'C-Condutor Caminhão', 19232),
(254, 'MG', 'M', '51 a 60', 'D-Condutor Ônibus', 78474),
(255, 'MG', 'M', '51 a 60', 'E-Condutor Carreta', 19970),
(256, 'MG', 'M', '51 a 60', 'X-Condutor Ciclomotor', 2),
(257, 'MG', 'M', '51 a 60', 'XB-Condutor Ciclomotor/Carro', 2),
(258, 'MG', 'M', '61 a 70', 'A-Condutor Moto', 10362),
(259, 'MG', 'M', '61 a 70', 'AB-Condutor Moto/Carro', 113488),
(260, 'MG', 'M', '61 a 70', 'AC-Condutor Moto/Caminhão', 10087),
(261, 'MG', 'M', '61 a 70', 'AD-Condutor Moto/Ônibus', 33369),
(262, 'MG', 'M', '61 a 70', 'AE-Condutor Moto/Carreta', 6608),
(263, 'MG', 'M', '61 a 70', 'B-Condutor Carro', 318268),
(264, 'MG', 'M', '61 a 70', 'C-Condutor Caminhão', 22478),
(265, 'MG', 'M', '61 a 70', 'D-Condutor Ônibus', 75109),
(266, 'MG', 'M', '61 a 70', 'E-Condutor Carreta', 14889),
(267, 'MG', 'M', '61 a 70', 'XB-Condutor Ciclomotor/Carro', 1),
(268, 'MG', 'M', '71 a 80', 'A-Condutor Moto', 2490),
(269, 'MG', 'M', '71 a 80', 'AB-Condutor Moto/Carro', 37064),
(270, 'MG', 'M', '71 a 80', 'AC-Condutor Moto/Caminhão', 1585),
(271, 'MG', 'M', '71 a 80', 'AD-Condutor Moto/Ônibus', 5846),
(272, 'MG', 'M', '71 a 80', 'AE-Condutor Moto/Carreta', 925),
(273, 'MG', 'M', '71 a 80', 'B-Condutor Carro', 223694),
(274, 'MG', 'M', '71 a 80', 'C-Condutor Caminhão', 9910),
(275, 'MG', 'M', '71 a 80', 'D-Condutor Ônibus', 31941),
(276, 'MG', 'M', '71 a 80', 'E-Condutor Carreta', 4010),
(277, 'MG', 'M', '71 a 80', 'X-Condutor Ciclomotor', 1),
(278, 'MG', 'M', '71 a 80', 'XB-Condutor Ciclomotor/Carro', 1),
(279, 'MG', 'M', '81 a 90', 'A-Condutor Moto', 569),
(280, 'MG', 'M', '81 a 90', 'AB-Condutor Moto/Carro', 9536),
(281, 'MG', 'M', '81 a 90', 'AC-Condutor Moto/Caminhão', 315),
(282, 'MG', 'M', '81 a 90', 'AD-Condutor Moto/Ônibus', 1214),
(283, 'MG', 'M', '81 a 90', 'AE-Condutor Moto/Carreta', 87),
(284, 'MG', 'M', '81 a 90', 'B-Condutor Carro', 108045),
(285, 'MG', 'M', '81 a 90', 'C-Condutor Caminhão', 4448),
(286, 'MG', 'M', '81 a 90', 'D-Condutor Ônibus', 14157),
(287, 'MG', 'M', '81 a 90', 'E-Condutor Carreta', 753),
(288, 'MG', 'M', '91 a 100', 'A-Condutor Moto', 95),
(289, 'MG', 'M', '91 a 100', 'AB-Condutor Moto/Carro', 1763),
(290, 'MG', 'M', '91 a 100', 'AC-Condutor Moto/Caminhão', 44),
(291, 'MG', 'M', '91 a 100', 'AD-Condutor Moto/Ônibus', 183),
(292, 'MG', 'M', '91 a 100', 'AE-Condutor Moto/Carreta', 3),
(293, 'MG', 'M', '91 a 100', 'B-Condutor Carro', 38176),
(294, 'MG', 'M', '91 a 100', 'C-Condutor Caminhão', 1034),
(295, 'MG', 'M', '91 a 100', 'D-Condutor Ônibus', 3869),
(296, 'MG', 'M', '91 a 100', 'E-Condutor Carreta', 76),
(297, 'MG', 'M', '101 a 120', 'A-Condutor Moto', 5),
(298, 'MG', 'M', '101 a 120', 'AB-Condutor Moto/Carro', 155),
(299, 'MG', 'M', '101 a 120', 'AC-Condutor Moto/Caminhão', 2),
(300, 'MG', 'M', '101 a 120', 'AD-Condutor Moto/Ônibus', 8),
(301, 'MG', 'M', '101 a 120', 'B-Condutor Carro', 5297),
(302, 'MG', 'M', '101 a 120', 'C-Condutor Caminhão', 97),
(303, 'MG', 'M', '101 a 120', 'D-Condutor Ônibus', 250),
(304, 'MG', 'M', '101 a 120', 'E-Condutor Carreta', 2),
(305, 'MG', 'F', '18 a 21', 'A-Condutor Moto', 14531),
(306, 'MG', 'F', '18 a 21', 'AB-Condutor Moto/Carro', 12862),
(307, 'MG', 'F', '18 a 21', 'AC-Condutor Moto/Caminhão', 7),
(308, 'MG', 'F', '18 a 21', 'AD-Condutor Moto/Ônibus', 11),
(309, 'MG', 'F', '18 a 21', 'B-Condutor Carro', 62642),
(310, 'MG', 'F', '18 a 21', 'C-Condutor Caminhão', 13),
(311, 'MG', 'F', '18 a 21', 'D-Condutor Ônibus', 15),
(312, 'MG', 'F', '22 a 25', 'A-Condutor Moto', 28474),
(313, 'MG', 'F', '22 a 25', 'AB-Condutor Moto/Carro', 36772),
(314, 'MG', 'F', '22 a 25', 'AC-Condutor Moto/Caminhão', 13),
(315, 'MG', 'F', '22 a 25', 'AD-Condutor Moto/Ônibus', 424),
(316, 'MG', 'F', '22 a 25', 'AE-Condutor Moto/Carreta', 36),
(317, 'MG', 'F', '22 a 25', 'B-Condutor Carro', 136144),
(318, 'MG', 'F', '22 a 25', 'C-Condutor Caminhão', 10),
(319, 'MG', 'F', '22 a 25', 'D-Condutor Ônibus', 287),
(320, 'MG', 'F', '22 a 25', 'E-Condutor Carreta', 13),
(321, 'MG', 'F', '26 a 30', 'A-Condutor Moto', 35719),
(322, 'MG', 'F', '26 a 30', 'AB-Condutor Moto/Carro', 75080),
(323, 'MG', 'F', '26 a 30', 'AC-Condutor Moto/Caminhão', 15),
(324, 'MG', 'F', '26 a 30', 'AD-Condutor Moto/Ônibus', 1438),
(325, 'MG', 'F', '26 a 30', 'AE-Condutor Moto/Carreta', 128),
(326, 'MG', 'F', '26 a 30', 'B-Condutor Carro', 229159),
(327, 'MG', 'F', '26 a 30', 'C-Condutor Caminhão', 20),
(328, 'MG', 'F', '26 a 30', 'D-Condutor Ônibus', 1078),
(329, 'MG', 'F', '26 a 30', 'E-Condutor Carreta', 51),
(330, 'MG', 'F', '26 a 30', 'X-Condutor Ciclomotor', 1),
(331, 'MG', 'F', '26 a 30', 'XB-Condutor Ciclomotor/Carro', 1),
(332, 'MG', 'F', '31 a 40', 'A-Condutor Moto', 55902),
(333, 'MG', 'F', '31 a 40', 'AB-Condutor Moto/Carro', 178737),
(334, 'MG', 'F', '31 a 40', 'AC-Condutor Moto/Caminhão', 37),
(335, 'MG', 'F', '31 a 40', 'AD-Condutor Moto/Ônibus', 6186),
(336, 'MG', 'F', '31 a 40', 'AE-Condutor Moto/Carreta', 646),
(337, 'MG', 'F', '31 a 40', 'B-Condutor Carro', 552765),
(338, 'MG', 'F', '31 a 40', 'C-Condutor Caminhão', 45),
(339, 'MG', 'F', '31 a 40', 'D-Condutor Ônibus', 4865),
(340, 'MG', 'F', '31 a 40', 'E-Condutor Carreta', 219),
(341, 'MG', 'F', '31 a 40', 'XB-Condutor Ciclomotor/Carro', 2),
(342, 'MG', 'F', '41 a 50', 'A-Condutor Moto', 30216),
(343, 'MG', 'F', '41 a 50', 'AB-Condutor Moto/Carro', 99258),
(344, 'MG', 'F', '41 a 50', 'AC-Condutor Moto/Caminhão', 105),
(345, 'MG', 'F', '41 a 50', 'AD-Condutor Moto/Ônibus', 4786),
(346, 'MG', 'F', '41 a 50', 'AE-Condutor Moto/Carreta', 542),
(347, 'MG', 'F', '41 a 50', 'B-Condutor Carro', 508802),
(348, 'MG', 'F', '41 a 50', 'C-Condutor Caminhão', 123),
(349, 'MG', 'F', '41 a 50', 'D-Condutor Ônibus', 6129),
(350, 'MG', 'F', '41 a 50', 'E-Condutor Carreta', 283),
(351, 'MG', 'F', '41 a 50', 'X-Condutor Ciclomotor', 2),
(352, 'MG', 'F', '41 a 50', 'XB-Condutor Ciclomotor/Carro', 3),
(353, 'MG', 'F', '51 a 60', 'A-Condutor Moto', 11029),
(354, 'MG', 'F', '51 a 60', 'AB-Condutor Moto/Carro', 36280),
(355, 'MG', 'F', '51 a 60', 'AC-Condutor Moto/Caminhão', 486),
(356, 'MG', 'F', '51 a 60', 'AD-Condutor Moto/Ônibus', 1744),
(357, 'MG', 'F', '51 a 60', 'AE-Condutor Moto/Carreta', 244),
(358, 'MG', 'F', '51 a 60', 'B-Condutor Carro', 349508),
(359, 'MG', 'F', '51 a 60', 'C-Condutor Caminhão', 839),
(360, 'MG', 'F', '51 a 60', 'D-Condutor Ônibus', 4097),
(361, 'MG', 'F', '51 a 60', 'E-Condutor Carreta', 217),
(362, 'MG', 'F', '51 a 60', 'X-Condutor Ciclomotor', 2),
(363, 'MG', 'F', '51 a 60', 'XB-Condutor Ciclomotor/Carro', 6),
(364, 'MG', 'F', '61 a 70', 'A-Condutor Moto', 1849),
(365, 'MG', 'F', '61 a 70', 'AB-Condutor Moto/Carro', 8576),
(366, 'MG', 'F', '61 a 70', 'AC-Condutor Moto/Caminhão', 112),
(367, 'MG', 'F', '61 a 70', 'AD-Condutor Moto/Ônibus', 353),
(368, 'MG', 'F', '61 a 70', 'AE-Condutor Moto/Carreta', 42),
(369, 'MG', 'F', '61 a 70', 'B-Condutor Carro', 206226),
(370, 'MG', 'F', '61 a 70', 'C-Condutor Caminhão', 619),
(371, 'MG', 'F', '61 a 70', 'D-Condutor Ônibus', 1680),
(372, 'MG', 'F', '61 a 70', 'E-Condutor Carreta', 52),
(373, 'MG', 'F', '61 a 70', 'X-Condutor Ciclomotor', 2),
(374, 'MG', 'F', '61 a 70', 'XB-Condutor Ciclomotor/Carro', 2),
(375, 'MG', 'F', '71 a 80', 'A-Condutor Moto', 135),
(376, 'MG', 'F', '71 a 80', 'AB-Condutor Moto/Carro', 1091),
(377, 'MG', 'F', '71 a 80', 'AC-Condutor Moto/Caminhão', 9),
(378, 'MG', 'F', '71 a 80', 'AD-Condutor Moto/Ônibus', 24),
(379, 'MG', 'F', '71 a 80', 'AE-Condutor Moto/Carreta', 1),
(380, 'MG', 'F', '71 a 80', 'B-Condutor Carro', 85619),
(381, 'MG', 'F', '71 a 80', 'C-Condutor Caminhão', 179),
(382, 'MG', 'F', '71 a 80', 'D-Condutor Ônibus', 316),
(383, 'MG', 'F', '71 a 80', 'E-Condutor Carreta', 5),
(384, 'MG', 'F', '71 a 80', 'X-Condutor Ciclomotor', 1),
(385, 'MG', 'F', '81 a 90', 'A-Condutor Moto', 4),
(386, 'MG', 'F', '81 a 90', 'AB-Condutor Moto/Carro', 80),
(387, 'MG', 'F', '81 a 90', 'AC-Condutor Moto/Caminhão', 4),
(388, 'MG', 'F', '81 a 90', 'AD-Condutor Moto/Ônibus', 6),
(389, 'MG', 'F', '81 a 90', 'B-Condutor Carro', 25242),
(390, 'MG', 'F', '81 a 90', 'C-Condutor Caminhão', 39),
(391, 'MG', 'F', '81 a 90', 'D-Condutor Ônibus', 70),
(392, 'MG', 'F', '91 a 100', 'AB-Condutor Moto/Carro', 4),
(393, 'MG', 'F', '91 a 100', 'AD-Condutor Moto/Ônibus', 1),
(394, 'MG', 'F', '91 a 100', 'B-Condutor Carro', 5229),
(395, 'MG', 'F', '91 a 100', 'C-Condutor Caminhão', 6),
(396, 'MG', 'F', '91 a 100', 'D-Condutor Ônibus', 4),
(397, 'MG', 'F', '101 a 120', 'B-Condutor Carro', 286),
(398, 'RJ', 'M', '18 a 21', 'A-Condutor Moto', 2264),
(399, 'RJ', 'M', '18 a 21', 'AB-Condutor Moto/Carro', 28910),
(400, 'RJ', 'M', '18 a 21', 'AC-Condutor Moto/Caminhão', 36),
(401, 'RJ', 'M', '18 a 21', 'AD-Condutor Moto/Ônibus', 89),
(402, 'RJ', 'M', '18 a 21', 'AE-Condutor Moto/Carreta', 3),
(403, 'RJ', 'M', '18 a 21', 'B-Condutor Carro', 34872),
(404, 'RJ', 'M', '18 a 21', 'C-Condutor Caminhão', 12),
(405, 'RJ', 'M', '18 a 21', 'D-Condutor Ônibus', 35),
(406, 'RJ', 'M', '18 a 21', 'E-Condutor Carreta', 1),
(407, 'RJ', 'M', '18 a 21', 'XB-Condutor Ciclomotor/Carro', 2),
(408, 'RJ', 'M', '22 a 25', 'A-Condutor Moto', 10388),
(409, 'RJ', 'M', '22 a 25', 'AB-Condutor Moto/Carro', 78746),
(410, 'RJ', 'M', '22 a 25', 'AC-Condutor Moto/Caminhão', 140),
(411, 'RJ', 'M', '22 a 25', 'AD-Condutor Moto/Ônibus', 3928),
(412, 'RJ', 'M', '22 a 25', 'AE-Condutor Moto/Carreta', 245),
(413, 'RJ', 'M', '22 a 25', 'B-Condutor Carro', 99962),
(414, 'RJ', 'M', '22 a 25', 'C-Condutor Caminhão', 49),
(415, 'RJ', 'M', '22 a 25', 'D-Condutor Ônibus', 2128),
(416, 'RJ', 'M', '22 a 25', 'E-Condutor Carreta', 116),
(417, 'RJ', 'M', '22 a 25', 'XB-Condutor Ciclomotor/Carro', 10),
(418, 'RJ', 'M', '26 a 30', 'A-Condutor Moto', 17054),
(419, 'RJ', 'M', '26 a 30', 'AB-Condutor Moto/Carro', 122142),
(420, 'RJ', 'M', '26 a 30', 'AC-Condutor Moto/Caminhão', 195),
(421, 'RJ', 'M', '26 a 30', 'AD-Condutor Moto/Ônibus', 13359),
(422, 'RJ', 'M', '26 a 30', 'AE-Condutor Moto/Carreta', 1559),
(423, 'RJ', 'M', '26 a 30', 'B-Condutor Carro', 172656),
(424, 'RJ', 'M', '26 a 30', 'C-Condutor Caminhão', 99),
(425, 'RJ', 'M', '26 a 30', 'D-Condutor Ônibus', 8467),
(426, 'RJ', 'M', '26 a 30', 'E-Condutor Carreta', 750),
(427, 'RJ', 'M', '26 a 30', 'XB-Condutor Ciclomotor/Carro', 15),
(428, 'RJ', 'M', '31 a 40', 'A-Condutor Moto', 30884),
(429, 'RJ', 'M', '31 a 40', 'AB-Condutor Moto/Carro', 248128),
(430, 'RJ', 'M', '31 a 40', 'AC-Condutor Moto/Caminhão', 582),
(431, 'RJ', 'M', '31 a 40', 'AD-Condutor Moto/Ônibus', 50135),
(432, 'RJ', 'M', '31 a 40', 'AE-Condutor Moto/Carreta', 9797),
(433, 'RJ', 'M', '31 a 40', 'B-Condutor Carro', 424716),
(434, 'RJ', 'M', '31 a 40', 'C-Condutor Caminhão', 532),
(435, 'RJ', 'M', '31 a 40', 'D-Condutor Ônibus', 43100),
(436, 'RJ', 'M', '31 a 40', 'E-Condutor Carreta', 6224),
(437, 'RJ', 'M', '31 a 40', 'X-Condutor Ciclomotor', 6),
(438, 'RJ', 'M', '31 a 40', 'XB-Condutor Ciclomotor/Carro', 134),
(439, 'RJ', 'M', '31 a 40', 'XC-Condutor Ciclomotor/Caminhão', 2),
(440, 'RJ', 'M', '31 a 40', 'XD-Condutor Ciclomotor/Ônibus', 1),
(441, 'RJ', 'M', '41 a 50', 'A-Condutor Moto', 17749),
(442, 'RJ', 'M', '41 a 50', 'AB-Condutor Moto/Carro', 182446),
(443, 'RJ', 'M', '41 a 50', 'AC-Condutor Moto/Caminhão', 10169),
(444, 'RJ', 'M', '41 a 50', 'AD-Condutor Moto/Ônibus', 54919),
(445, 'RJ', 'M', '41 a 50', 'AE-Condutor Moto/Carreta', 14796),
(446, 'RJ', 'M', '41 a 50', 'B-Condutor Carro', 461172),
(447, 'RJ', 'M', '41 a 50', 'C-Condutor Caminhão', 7879),
(448, 'RJ', 'M', '41 a 50', 'D-Condutor Ônibus', 79395),
(449, 'RJ', 'M', '41 a 50', 'E-Condutor Carreta', 13649),
(450, 'RJ', 'M', '41 a 50', 'X-Condutor Ciclomotor', 8),
(451, 'RJ', 'M', '41 a 50', 'XB-Condutor Ciclomotor/Carro', 136),
(452, 'RJ', 'M', '41 a 50', 'XC-Condutor Ciclomotor/Caminhão', 6),
(453, 'RJ', 'M', '41 a 50', 'XD-Condutor Ciclomotor/Ônibus', 1),
(454, 'RJ', 'M', '41 a 50', 'XE-Condutor Ciclomotor/Carreta', 2),
(455, 'RJ', 'M', '51 a 60', 'A-Condutor Moto', 8338),
(456, 'RJ', 'M', '51 a 60', 'AB-Condutor Moto/Carro', 124061),
(457, 'RJ', 'M', '51 a 60', 'AC-Condutor Moto/Caminhão', 29317),
(458, 'RJ', 'M', '51 a 60', 'AD-Condutor Moto/Ônibus', 37103),
(459, 'RJ', 'M', '51 a 60', 'AE-Condutor Moto/Carreta', 9690),
(460, 'RJ', 'M', '51 a 60', 'B-Condutor Carro', 358552),
(461, 'RJ', 'M', '51 a 60', 'C-Condutor Caminhão', 36388),
(462, 'RJ', 'M', '51 a 60', 'D-Condutor Ônibus', 69648),
(463, 'RJ', 'M', '51 a 60', 'E-Condutor Carreta', 11447),
(464, 'RJ', 'M', '51 a 60', 'X-Condutor Ciclomotor', 14),
(465, 'RJ', 'M', '51 a 60', 'XB-Condutor Ciclomotor/Carro', 101),
(466, 'RJ', 'M', '51 a 60', 'XC-Condutor Ciclomotor/Caminhão', 6),
(467, 'RJ', 'M', '51 a 60', 'XD-Condutor Ciclomotor/Ônibus', 4),
(468, 'RJ', 'M', '51 a 60', 'XE-Condutor Ciclomotor/Carreta', 2),
(469, 'RJ', 'M', '61 a 70', 'A-Condutor Moto', 2814),
(470, 'RJ', 'M', '61 a 70', 'AB-Condutor Moto/Carro', 83447),
(471, 'RJ', 'M', '61 a 70', 'AC-Condutor Moto/Caminhão', 11291),
(472, 'RJ', 'M', '61 a 70', 'AD-Condutor Moto/Ônibus', 24173),
(473, 'RJ', 'M', '61 a 70', 'AE-Condutor Moto/Carreta', 3157),
(474, 'RJ', 'M', '61 a 70', 'B-Condutor Carro', 332574),
(475, 'RJ', 'M', '61 a 70', 'C-Condutor Caminhão', 37164),
(476, 'RJ', 'M', '61 a 70', 'D-Condutor Ônibus', 70896),
(477, 'RJ', 'M', '61 a 70', 'E-Condutor Carreta', 7974),
(478, 'RJ', 'M', '61 a 70', 'X-Condutor Ciclomotor', 19),
(479, 'RJ', 'M', '61 a 70', 'XB-Condutor Ciclomotor/Carro', 41),
(480, 'RJ', 'M', '61 a 70', 'XC-Condutor Ciclomotor/Caminhão', 3),
(481, 'RJ', 'M', '61 a 70', 'XD-Condutor Ciclomotor/Ônibus', 2),
(482, 'RJ', 'M', '61 a 70', 'XE-Condutor Ciclomotor/Carreta', 1),
(483, 'RJ', 'M', '71 a 80', 'A-Condutor Moto', 591),
(484, 'RJ', 'M', '71 a 80', 'AB-Condutor Moto/Carro', 35131),
(485, 'RJ', 'M', '71 a 80', 'AC-Condutor Moto/Caminhão', 2177),
(486, 'RJ', 'M', '71 a 80', 'AD-Condutor Moto/Ônibus', 7869),
(487, 'RJ', 'M', '71 a 80', 'AE-Condutor Moto/Carreta', 582),
(488, 'RJ', 'M', '71 a 80', 'B-Condutor Carro', 247341),
(489, 'RJ', 'M', '71 a 80', 'C-Condutor Caminhão', 17985),
(490, 'RJ', 'M', '71 a 80', 'D-Condutor Ônibus', 45573),
(491, 'RJ', 'M', '71 a 80', 'E-Condutor Carreta', 2656),
(492, 'RJ', 'M', '71 a 80', 'X-Condutor Ciclomotor', 11),
(493, 'RJ', 'M', '71 a 80', 'XB-Condutor Ciclomotor/Carro', 16),
(494, 'RJ', 'M', '71 a 80', 'XC-Condutor Ciclomotor/Caminhão', 2),
(495, 'RJ', 'M', '81 a 90', 'A-Condutor Moto', 142),
(496, 'RJ', 'M', '81 a 90', 'AB-Condutor Moto/Carro', 11283),
(497, 'RJ', 'M', '81 a 90', 'AC-Condutor Moto/Caminhão', 650),
(498, 'RJ', 'M', '81 a 90', 'AD-Condutor Moto/Ônibus', 2497),
(499, 'RJ', 'M', '81 a 90', 'AE-Condutor Moto/Carreta', 70),
(500, 'RJ', 'M', '81 a 90', 'B-Condutor Carro', 141427),
(501, 'RJ', 'M', '81 a 90', 'C-Condutor Caminhão', 8586),
(502, 'RJ', 'M', '81 a 90', 'D-Condutor Ônibus', 25749),
(503, 'RJ', 'M', '81 a 90', 'E-Condutor Carreta', 714),
(504, 'RJ', 'M', '81 a 90', 'X-Condutor Ciclomotor', 1),
(505, 'RJ', 'M', '81 a 90', 'XB-Condutor Ciclomotor/Carro', 3),
(506, 'RJ', 'M', '91 a 100', 'A-Condutor Moto', 43),
(507, 'RJ', 'M', '91 a 100', 'AB-Condutor Moto/Carro', 3092),
(508, 'RJ', 'M', '91 a 100', 'AC-Condutor Moto/Caminhão', 100),
(509, 'RJ', 'M', '91 a 100', 'AD-Condutor Moto/Ônibus', 455),
(510, 'RJ', 'M', '91 a 100', 'AE-Condutor Moto/Carreta', 7),
(511, 'RJ', 'M', '91 a 100', 'B-Condutor Carro', 71180),
(512, 'RJ', 'M', '91 a 100', 'C-Condutor Caminhão', 1788),
(513, 'RJ', 'M', '91 a 100', 'D-Condutor Ônibus', 6299),
(514, 'RJ', 'M', '91 a 100', 'E-Condutor Carreta', 111),
(515, 'RJ', 'M', '101 a 120', 'A-Condutor Moto', 6),
(516, 'RJ', 'M', '101 a 120', 'AB-Condutor Moto/Carro', 363),
(517, 'RJ', 'M', '101 a 120', 'AC-Condutor Moto/Caminhão', 4),
(518, 'RJ', 'M', '101 a 120', 'AD-Condutor Moto/Ônibus', 32),
(519, 'RJ', 'M', '101 a 120', 'B-Condutor Carro', 13740),
(520, 'RJ', 'M', '101 a 120', 'C-Condutor Caminhão', 137),
(521, 'RJ', 'M', '101 a 120', 'D-Condutor Ônibus', 469),
(522, 'RJ', 'M', '101 a 120', 'E-Condutor Carreta', 2),
(523, 'RJ', 'M', 'Mais de 120', 'B-Condutor Carro', 3),
(524, 'RJ', 'F', '18 a 21', 'A-Condutor Moto', 349),
(525, 'RJ', 'F', '18 a 21', 'AB-Condutor Moto/Carro', 7170),
(526, 'RJ', 'F', '18 a 21', 'AD-Condutor Moto/Ônibus', 2),
(527, 'RJ', 'F', '18 a 21', 'B-Condutor Carro', 23828),
(528, 'RJ', 'F', '18 a 21', 'D-Condutor Ônibus', 1),
(529, 'RJ', 'F', '18 a 21', 'XB-Condutor Ciclomotor/Carro', 1),
(530, 'RJ', 'F', '22 a 25', 'A-Condutor Moto', 1843),
(531, 'RJ', 'F', '22 a 25', 'AB-Condutor Moto/Carro', 20126),
(532, 'RJ', 'F', '22 a 25', 'AD-Condutor Moto/Ônibus', 63),
(533, 'RJ', 'F', '22 a 25', 'AE-Condutor Moto/Carreta', 2),
(534, 'RJ', 'F', '22 a 25', 'B-Condutor Carro', 73800),
(535, 'RJ', 'F', '22 a 25', 'C-Condutor Caminhão', 3),
(536, 'RJ', 'F', '22 a 25', 'D-Condutor Ônibus', 43),
(537, 'RJ', 'F', '22 a 25', 'E-Condutor Carreta', 2),
(538, 'RJ', 'F', '22 a 25', 'XB-Condutor Ciclomotor/Carro', 1),
(539, 'RJ', 'F', '26 a 30', 'A-Condutor Moto', 3623),
(540, 'RJ', 'F', '26 a 30', 'AB-Condutor Moto/Carro', 32821),
(541, 'RJ', 'F', '26 a 30', 'AC-Condutor Moto/Caminhão', 1),
(542, 'RJ', 'F', '26 a 30', 'AD-Condutor Moto/Ônibus', 297),
(543, 'RJ', 'F', '26 a 30', 'AE-Condutor Moto/Carreta', 14),
(544, 'RJ', 'F', '26 a 30', 'B-Condutor Carro', 142552),
(545, 'RJ', 'F', '26 a 30', 'C-Condutor Caminhão', 5),
(546, 'RJ', 'F', '26 a 30', 'D-Condutor Ônibus', 178),
(547, 'RJ', 'F', '26 a 30', 'E-Condutor Carreta', 4),
(548, 'RJ', 'F', '26 a 30', 'X-Condutor Ciclomotor', 7),
(549, 'RJ', 'F', '26 a 30', 'XB-Condutor Ciclomotor/Carro', 17),
(550, 'RJ', 'F', '31 a 40', 'A-Condutor Moto', 8271),
(551, 'RJ', 'F', '31 a 40', 'AB-Condutor Moto/Carro', 60676),
(552, 'RJ', 'F', '31 a 40', 'AC-Condutor Moto/Caminhão', 4),
(553, 'RJ', 'F', '31 a 40', 'AD-Condutor Moto/Ônibus', 1269),
(554, 'RJ', 'F', '31 a 40', 'AE-Condutor Moto/Carreta', 101),
(555, 'RJ', 'F', '31 a 40', 'B-Condutor Carro', 402088),
(556, 'RJ', 'F', '31 a 40', 'C-Condutor Caminhão', 11),
(557, 'RJ', 'F', '31 a 40', 'D-Condutor Ônibus', 1576),
(558, 'RJ', 'F', '31 a 40', 'E-Condutor Carreta', 64),
(559, 'RJ', 'F', '31 a 40', 'X-Condutor Ciclomotor', 16),
(560, 'RJ', 'F', '31 a 40', 'XB-Condutor Ciclomotor/Carro', 74),
(561, 'RJ', 'F', '41 a 50', 'A-Condutor Moto', 5644),
(562, 'RJ', 'F', '41 a 50', 'AB-Condutor Moto/Carro', 33247),
(563, 'RJ', 'F', '41 a 50', 'AC-Condutor Moto/Caminhão', 109),
(564, 'RJ', 'F', '41 a 50', 'AD-Condutor Moto/Ônibus', 1155),
(565, 'RJ', 'F', '41 a 50', 'AE-Condutor Moto/Carreta', 139),
(566, 'RJ', 'F', '41 a 50', 'B-Condutor Carro', 411453),
(567, 'RJ', 'F', '41 a 50', 'C-Condutor Caminhão', 168),
(568, 'RJ', 'F', '41 a 50', 'D-Condutor Ônibus', 3150),
(569, 'RJ', 'F', '41 a 50', 'E-Condutor Carreta', 130),
(570, 'RJ', 'F', '41 a 50', 'X-Condutor Ciclomotor', 28),
(571, 'RJ', 'F', '41 a 50', 'XB-Condutor Ciclomotor/Carro', 79),
(572, 'RJ', 'F', '41 a 50', 'XC-Condutor Ciclomotor/Caminhão', 3),
(573, 'RJ', 'F', '51 a 60', 'A-Condutor Moto', 2477),
(574, 'RJ', 'F', '51 a 60', 'AB-Condutor Moto/Carro', 19235),
(575, 'RJ', 'F', '51 a 60', 'AC-Condutor Moto/Caminhão', 459),
(576, 'RJ', 'F', '51 a 60', 'AD-Condutor Moto/Ônibus', 668),
(577, 'RJ', 'F', '51 a 60', 'AE-Condutor Moto/Carreta', 54),
(578, 'RJ', 'F', '51 a 60', 'B-Condutor Carro', 290542),
(579, 'RJ', 'F', '51 a 60', 'C-Condutor Caminhão', 1182),
(580, 'RJ', 'F', '51 a 60', 'D-Condutor Ônibus', 2489),
(581, 'RJ', 'F', '51 a 60', 'E-Condutor Carreta', 78),
(582, 'RJ', 'F', '51 a 60', 'X-Condutor Ciclomotor', 31),
(583, 'RJ', 'F', '51 a 60', 'XB-Condutor Ciclomotor/Carro', 39),
(584, 'RJ', 'F', '51 a 60', 'XC-Condutor Ciclomotor/Caminhão', 3),
(585, 'RJ', 'F', '61 a 70', 'A-Condutor Moto', 413),
(586, 'RJ', 'F', '61 a 70', 'AB-Condutor Moto/Carro', 9248),
(587, 'RJ', 'F', '61 a 70', 'AC-Condutor Moto/Caminhão', 190),
(588, 'RJ', 'F', '61 a 70', 'AD-Condutor Moto/Ônibus', 236),
(589, 'RJ', 'F', '61 a 70', 'AE-Condutor Moto/Carreta', 21),
(590, 'RJ', 'F', '61 a 70', 'B-Condutor Carro', 224019),
(591, 'RJ', 'F', '61 a 70', 'C-Condutor Caminhão', 1276),
(592, 'RJ', 'F', '61 a 70', 'D-Condutor Ônibus', 1407),
(593, 'RJ', 'F', '61 a 70', 'E-Condutor Carreta', 34),
(594, 'RJ', 'F', '61 a 70', 'X-Condutor Ciclomotor', 15),
(595, 'RJ', 'F', '61 a 70', 'XB-Condutor Ciclomotor/Carro', 18),
(596, 'RJ', 'F', '61 a 70', 'XC-Condutor Ciclomotor/Caminhão', 1),
(597, 'RJ', 'F', '71 a 80', 'A-Condutor Moto', 27),
(598, 'RJ', 'F', '71 a 80', 'AB-Condutor Moto/Carro', 2159),
(599, 'RJ', 'F', '71 a 80', 'AC-Condutor Moto/Caminhão', 49),
(600, 'RJ', 'F', '71 a 80', 'AD-Condutor Moto/Ônibus', 66),
(601, 'RJ', 'F', '71 a 80', 'AE-Condutor Moto/Carreta', 4),
(602, 'RJ', 'F', '71 a 80', 'B-Condutor Carro', 126724),
(603, 'RJ', 'F', '71 a 80', 'C-Condutor Caminhão', 593),
(604, 'RJ', 'F', '71 a 80', 'D-Condutor Ônibus', 510),
(605, 'RJ', 'F', '71 a 80', 'E-Condutor Carreta', 8),
(606, 'RJ', 'F', '81 a 90', 'AB-Condutor Moto/Carro', 296),
(607, 'RJ', 'F', '81 a 90', 'AC-Condutor Moto/Caminhão', 9),
(608, 'RJ', 'F', '81 a 90', 'AD-Condutor Moto/Ônibus', 18),
(609, 'RJ', 'F', '81 a 90', 'AE-Condutor Moto/Carreta', 2),
(610, 'RJ', 'F', '81 a 90', 'B-Condutor Carro', 46479),
(611, 'RJ', 'F', '81 a 90', 'C-Condutor Caminhão', 178),
(612, 'RJ', 'F', '81 a 90', 'D-Condutor Ônibus', 185),
(613, 'RJ', 'F', '81 a 90', 'E-Condutor Carreta', 2),
(614, 'RJ', 'F', '91 a 100', 'AB-Condutor Moto/Carro', 56),
(615, 'RJ', 'F', '91 a 100', 'AD-Condutor Moto/Ônibus', 3),
(616, 'RJ', 'F', '91 a 100', 'B-Condutor Carro', 13374),
(617, 'RJ', 'F', '91 a 100', 'C-Condutor Caminhão', 26),
(618, 'RJ', 'F', '91 a 100', 'D-Condutor Ônibus', 39),
(619, 'RJ', 'F', '101 a 120', 'AB-Condutor Moto/Carro', 5),
(620, 'RJ', 'F', '101 a 120', 'B-Condutor Carro', 1250),
(621, 'RJ', 'F', '101 a 120', 'C-Condutor Caminhão', 1),
(622, 'SP', 'M', '18 a 21', 'A-Condutor Moto', 7818),
(623, 'SP', 'M', '18 a 21', 'AB-Condutor Moto/Carro', 273679),
(624, 'SP', 'M', '18 a 21', 'AC-Condutor Moto/Caminhão', 486),
(625, 'SP', 'M', '18 a 21', 'AD-Condutor Moto/Ônibus', 679),
(626, 'SP', 'M', '18 a 21', 'AE-Condutor Moto/Carreta', 40),
(627, 'SP', 'M', '18 a 21', 'B-Condutor Carro', 136005),
(628, 'SP', 'M', '18 a 21', 'C-Condutor Caminhão', 94),
(629, 'SP', 'M', '18 a 21', 'D-Condutor Ônibus', 91),
(630, 'SP', 'M', '18 a 21', 'E-Condutor Carreta', 6),
(631, 'SP', 'M', '22 a 25', 'A-Condutor Moto', 24626),
(632, 'SP', 'M', '22 a 25', 'AB-Condutor Moto/Carro', 542714),
(633, 'SP', 'M', '22 a 25', 'AC-Condutor Moto/Caminhão', 1420),
(634, 'SP', 'M', '22 a 25', 'AD-Condutor Moto/Ônibus', 19828),
(635, 'SP', 'M', '22 a 25', 'AE-Condutor Moto/Carreta', 2212),
(636, 'SP', 'M', '22 a 25', 'B-Condutor Carro', 301245),
(637, 'SP', 'M', '22 a 25', 'C-Condutor Caminhão', 287),
(638, 'SP', 'M', '22 a 25', 'D-Condutor Ônibus', 3290),
(639, 'SP', 'M', '22 a 25', 'E-Condutor Carreta', 270),
(640, 'SP', 'M', '26 a 30', 'A-Condutor Moto', 26466),
(641, 'SP', 'M', '26 a 30', 'AB-Condutor Moto/Carro', 777192),
(642, 'SP', 'M', '26 a 30', 'AC-Condutor Moto/Caminhão', 3032),
(643, 'SP', 'M', '26 a 30', 'AD-Condutor Moto/Ônibus', 58194),
(644, 'SP', 'M', '26 a 30', 'AE-Condutor Moto/Carreta', 11698),
(645, 'SP', 'M', '26 a 30', 'B-Condutor Carro', 472078),
(646, 'SP', 'M', '26 a 30', 'C-Condutor Caminhão', 474),
(647, 'SP', 'M', '26 a 30', 'D-Condutor Ônibus', 10389),
(648, 'SP', 'M', '26 a 30', 'E-Condutor Carreta', 1285),
(649, 'SP', 'M', '26 a 30', 'X-Condutor Ciclomotor', 2),
(650, 'SP', 'M', '26 a 30', 'XB-Condutor Ciclomotor/Carro', 4),
(651, 'SP', 'M', '31 a 40', 'A-Condutor Moto', 42546),
(652, 'SP', 'M', '31 a 40', 'AB-Condutor Moto/Carro', 1691605),
(653, 'SP', 'M', '31 a 40', 'AC-Condutor Moto/Caminhão', 9659),
(654, 'SP', 'M', '31 a 40', 'AD-Condutor Moto/Ônibus', 259194),
(655, 'SP', 'M', '31 a 40', 'AE-Condutor Moto/Carreta', 81020),
(656, 'SP', 'M', '31 a 40', 'B-Condutor Carro', 1077559),
(657, 'SP', 'M', '31 a 40', 'C-Condutor Caminhão', 2624),
(658, 'SP', 'M', '31 a 40', 'D-Condutor Ônibus', 59024),
(659, 'SP', 'M', '31 a 40', 'E-Condutor Carreta', 13377),
(660, 'SP', 'M', '31 a 40', 'X-Condutor Ciclomotor', 4),
(661, 'SP', 'M', '31 a 40', 'XB-Condutor Ciclomotor/Carro', 15),
(662, 'SP', 'M', '41 a 50', 'A-Condutor Moto', 30234),
(663, 'SP', 'M', '41 a 50', 'AB-Condutor Moto/Carro', 1218820),
(664, 'SP', 'M', '41 a 50', 'AC-Condutor Moto/Caminhão', 52642),
(665, 'SP', 'M', '41 a 50', 'AD-Condutor Moto/Ônibus', 295669),
(666, 'SP', 'M', '41 a 50', 'AE-Condutor Moto/Carreta', 130035),
(667, 'SP', 'M', '41 a 50', 'B-Condutor Carro', 1156237),
(668, 'SP', 'M', '41 a 50', 'C-Condutor Caminhão', 21435),
(669, 'SP', 'M', '41 a 50', 'D-Condutor Ônibus', 148565),
(670, 'SP', 'M', '41 a 50', 'E-Condutor Carreta', 44136),
(671, 'SP', 'M', '41 a 50', 'X-Condutor Ciclomotor', 2),
(672, 'SP', 'M', '41 a 50', 'XB-Condutor Ciclomotor/Carro', 7),
(673, 'SP', 'M', '51 a 60', 'A-Condutor Moto', 16431),
(674, 'SP', 'M', '51 a 60', 'AB-Condutor Moto/Carro', 643673),
(675, 'SP', 'M', '51 a 60', 'AC-Condutor Moto/Caminhão', 175450),
(676, 'SP', 'M', '51 a 60', 'AD-Condutor Moto/Ônibus', 198164),
(677, 'SP', 'M', '51 a 60', 'AE-Condutor Moto/Carreta', 93978),
(678, 'SP', 'M', '51 a 60', 'B-Condutor Carro', 889111),
(679, 'SP', 'M', '51 a 60', 'C-Condutor Caminhão', 125913),
(680, 'SP', 'M', '51 a 60', 'D-Condutor Ônibus', 205558),
(681, 'SP', 'M', '51 a 60', 'E-Condutor Carreta', 56146),
(682, 'SP', 'M', '51 a 60', 'X-Condutor Ciclomotor', 1),
(683, 'SP', 'M', '51 a 60', 'XB-Condutor Ciclomotor/Carro', 6),
(684, 'SP', 'M', '61 a 70', 'A-Condutor Moto', 6485),
(685, 'SP', 'M', '61 a 70', 'AB-Condutor Moto/Carro', 323175),
(686, 'SP', 'M', '61 a 70', 'AC-Condutor Moto/Caminhão', 45830),
(687, 'SP', 'M', '61 a 70', 'AD-Condutor Moto/Ônibus', 128076),
(688, 'SP', 'M', '61 a 70', 'AE-Condutor Moto/Carreta', 32715),
(689, 'SP', 'M', '61 a 70', 'B-Condutor Carro', 882822),
(690, 'SP', 'M', '61 a 70', 'C-Condutor Caminhão', 84619),
(691, 'SP', 'M', '61 a 70', 'D-Condutor Ônibus', 287700),
(692, 'SP', 'M', '61 a 70', 'E-Condutor Carreta', 50225),
(693, 'SP', 'M', '61 a 70', 'XB-Condutor Ciclomotor/Carro', 4),
(694, 'SP', 'M', '61 a 70', 'XD-Condutor Ciclomotor/Ônibus', 1),
(695, 'SP', 'M', '71 a 80', 'A-Condutor Moto', 2191),
(696, 'SP', 'M', '71 a 80', 'AB-Condutor Moto/Carro', 120008),
(697, 'SP', 'M', '71 a 80', 'AC-Condutor Moto/Caminhão', 7649),
(698, 'SP', 'M', '71 a 80', 'AD-Condutor Moto/Ônibus', 26754),
(699, 'SP', 'M', '71 a 80', 'AE-Condutor Moto/Carreta', 4781),
(700, 'SP', 'M', '71 a 80', 'B-Condutor Carro', 690846),
(701, 'SP', 'M', '71 a 80', 'C-Condutor Caminhão', 38859),
(702, 'SP', 'M', '71 a 80', 'D-Condutor Ônibus', 140069),
(703, 'SP', 'M', '71 a 80', 'E-Condutor Carreta', 14908),
(704, 'SP', 'M', '81 a 90', 'A-Condutor Moto', 808),
(705, 'SP', 'M', '81 a 90', 'AB-Condutor Moto/Carro', 34996),
(706, 'SP', 'M', '81 a 90', 'AC-Condutor Moto/Caminhão', 2401),
(707, 'SP', 'M', '81 a 90', 'AD-Condutor Moto/Ônibus', 5586),
(708, 'SP', 'M', '81 a 90', 'AE-Condutor Moto/Carreta', 430),
(709, 'SP', 'M', '81 a 90', 'B-Condutor Carro', 364724),
(710, 'SP', 'M', '81 a 90', 'C-Condutor Caminhão', 23101),
(711, 'SP', 'M', '81 a 90', 'D-Condutor Ônibus', 51822),
(712, 'SP', 'M', '81 a 90', 'E-Condutor Carreta', 2803),
(713, 'SP', 'M', '81 a 90', 'X-Condutor Ciclomotor', 1),
(714, 'SP', 'M', '91 a 100', 'A-Condutor Moto', 204),
(715, 'SP', 'M', '91 a 100', 'AB-Condutor Moto/Carro', 8260),
(716, 'SP', 'M', '91 a 100', 'AC-Condutor Moto/Caminhão', 464),
(717, 'SP', 'M', '91 a 100', 'AD-Condutor Moto/Ônibus', 633),
(718, 'SP', 'M', '91 a 100', 'AE-Condutor Moto/Carreta', 38),
(719, 'SP', 'M', '91 a 100', 'B-Condutor Carro', 158128),
(720, 'SP', 'M', '91 a 100', 'C-Condutor Caminhão', 6671),
(721, 'SP', 'M', '91 a 100', 'D-Condutor Ônibus', 8286),
(722, 'SP', 'M', '91 a 100', 'E-Condutor Carreta', 305),
(723, 'SP', 'M', '101 a 120', 'A-Condutor Moto', 16),
(724, 'SP', 'M', '101 a 120', 'AB-Condutor Moto/Carro', 772),
(725, 'SP', 'M', '101 a 120', 'AC-Condutor Moto/Caminhão', 16),
(726, 'SP', 'M', '101 a 120', 'AD-Condutor Moto/Ônibus', 11),
(727, 'SP', 'M', '101 a 120', 'AE-Condutor Moto/Carreta', 2),
(728, 'SP', 'M', '101 a 120', 'B-Condutor Carro', 23213),
(729, 'SP', 'M', '101 a 120', 'C-Condutor Caminhão', 349),
(730, 'SP', 'M', '101 a 120', 'D-Condutor Ônibus', 221),
(731, 'SP', 'M', '101 a 120', 'E-Condutor Carreta', 5),
(732, 'SP', 'F', '18 a 21', 'A-Condutor Moto', 2003),
(733, 'SP', 'F', '18 a 21', 'AB-Condutor Moto/Carro', 127241),
(734, 'SP', 'F', '18 a 21', 'AC-Condutor Moto/Caminhão', 10),
(735, 'SP', 'F', '18 a 21', 'AD-Condutor Moto/Ônibus', 24),
(736, 'SP', 'F', '18 a 21', 'AE-Condutor Moto/Carreta', 1),
(737, 'SP', 'F', '18 a 21', 'B-Condutor Carro', 131770),
(738, 'SP', 'F', '18 a 21', 'C-Condutor Caminhão', 5),
(739, 'SP', 'F', '18 a 21', 'D-Condutor Ônibus', 8),
(740, 'SP', 'F', '22 a 25', 'A-Condutor Moto', 8613),
(741, 'SP', 'F', '22 a 25', 'AB-Condutor Moto/Carro', 265935),
(742, 'SP', 'F', '22 a 25', 'AC-Condutor Moto/Caminhão', 15),
(743, 'SP', 'F', '22 a 25', 'AD-Condutor Moto/Ônibus', 654),
(744, 'SP', 'F', '22 a 25', 'AE-Condutor Moto/Carreta', 24),
(745, 'SP', 'F', '22 a 25', 'B-Condutor Carro', 315513),
(746, 'SP', 'F', '22 a 25', 'C-Condutor Caminhão', 7),
(747, 'SP', 'F', '22 a 25', 'D-Condutor Ônibus', 203),
(748, 'SP', 'F', '22 a 25', 'E-Condutor Carreta', 8),
(749, 'SP', 'F', '22 a 25', 'X-Condutor Ciclomotor', 1),
(750, 'SP', 'F', '26 a 30', 'A-Condutor Moto', 13250),
(751, 'SP', 'F', '26 a 30', 'AB-Condutor Moto/Carro', 416407),
(752, 'SP', 'F', '26 a 30', 'AC-Condutor Moto/Caminhão', 47),
(753, 'SP', 'F', '26 a 30', 'AD-Condutor Moto/Ônibus', 2644),
(754, 'SP', 'F', '26 a 30', 'AE-Condutor Moto/Carreta', 211),
(755, 'SP', 'F', '26 a 30', 'B-Condutor Carro', 545589),
(756, 'SP', 'F', '26 a 30', 'C-Condutor Caminhão', 9),
(757, 'SP', 'F', '26 a 30', 'D-Condutor Ônibus', 991),
(758, 'SP', 'F', '26 a 30', 'E-Condutor Carreta', 27),
(759, 'SP', 'F', '26 a 30', 'XB-Condutor Ciclomotor/Carro', 2),
(760, 'SP', 'F', '31 a 40', 'A-Condutor Moto', 25121),
(761, 'SP', 'F', '31 a 40', 'AB-Condutor Moto/Carro', 906779),
(762, 'SP', 'F', '31 a 40', 'AC-Condutor Moto/Caminhão', 208),
(763, 'SP', 'F', '31 a 40', 'AD-Condutor Moto/Ônibus', 14363),
(764, 'SP', 'F', '31 a 40', 'AE-Condutor Moto/Carreta', 1579),
(765, 'SP', 'F', '31 a 40', 'B-Condutor Carro', 1509043),
(766, 'SP', 'F', '31 a 40', 'C-Condutor Caminhão', 61),
(767, 'SP', 'F', '31 a 40', 'D-Condutor Ônibus', 7546),
(768, 'SP', 'F', '31 a 40', 'E-Condutor Carreta', 275),
(769, 'SP', 'F', '31 a 40', 'X-Condutor Ciclomotor', 2),
(770, 'SP', 'F', '31 a 40', 'XB-Condutor Ciclomotor/Carro', 6),
(771, 'SP', 'F', '31 a 40', 'XD-Condutor Ciclomotor/Ônibus', 1),
(772, 'SP', 'F', '41 a 50', 'A-Condutor Moto', 18544),
(773, 'SP', 'F', '41 a 50', 'AB-Condutor Moto/Carro', 550203),
(774, 'SP', 'F', '41 a 50', 'AC-Condutor Moto/Caminhão', 849),
(775, 'SP', 'F', '41 a 50', 'AD-Condutor Moto/Ônibus', 15089),
(776, 'SP', 'F', '41 a 50', 'AE-Condutor Moto/Carreta', 2078),
(777, 'SP', 'F', '41 a 50', 'B-Condutor Carro', 1635356),
(778, 'SP', 'F', '41 a 50', 'C-Condutor Caminhão', 615),
(779, 'SP', 'F', '41 a 50', 'D-Condutor Ônibus', 16351),
(780, 'SP', 'F', '41 a 50', 'E-Condutor Carreta', 709),
(781, 'SP', 'F', '41 a 50', 'X-Condutor Ciclomotor', 1),
(782, 'SP', 'F', '41 a 50', 'XB-Condutor Ciclomotor/Carro', 8),
(783, 'SP', 'F', '51 a 60', 'A-Condutor Moto', 8966),
(784, 'SP', 'F', '51 a 60', 'AB-Condutor Moto/Carro', 229269),
(785, 'SP', 'F', '51 a 60', 'AC-Condutor Moto/Caminhão', 7270),
(786, 'SP', 'F', '51 a 60', 'AD-Condutor Moto/Ônibus', 7014),
(787, 'SP', 'F', '51 a 60', 'AE-Condutor Moto/Carreta', 1162),
(788, 'SP', 'F', '51 a 60', 'B-Condutor Carro', 1221012),
(789, 'SP', 'F', '51 a 60', 'C-Condutor Caminhão', 22365),
(790, 'SP', 'F', '51 a 60', 'D-Condutor Ônibus', 17798),
(791, 'SP', 'F', '51 a 60', 'E-Condutor Carreta', 676),
(792, 'SP', 'F', '51 a 60', 'X-Condutor Ciclomotor', 3),
(793, 'SP', 'F', '51 a 60', 'XB-Condutor Ciclomotor/Carro', 2),
(794, 'SP', 'F', '61 a 70', 'A-Condutor Moto', 2091),
(795, 'SP', 'F', '61 a 70', 'AB-Condutor Moto/Carro', 58105),
(796, 'SP', 'F', '61 a 70', 'AC-Condutor Moto/Caminhão', 1834),
(797, 'SP', 'F', '61 a 70', 'AD-Condutor Moto/Ônibus', 2305),
(798, 'SP', 'F', '61 a 70', 'AE-Condutor Moto/Carreta', 302),
(799, 'SP', 'F', '61 a 70', 'B-Condutor Carro', 887629),
(800, 'SP', 'F', '61 a 70', 'C-Condutor Caminhão', 18381),
(801, 'SP', 'F', '61 a 70', 'D-Condutor Ônibus', 14286),
(802, 'SP', 'F', '61 a 70', 'E-Condutor Carreta', 389),
(803, 'SP', 'F', '61 a 70', 'X-Condutor Ciclomotor', 3),
(804, 'SP', 'F', '61 a 70', 'XB-Condutor Ciclomotor/Carro', 4),
(805, 'SP', 'F', '71 a 80', 'A-Condutor Moto', 217),
(806, 'SP', 'F', '71 a 80', 'AB-Condutor Moto/Carro', 8095),
(807, 'SP', 'F', '71 a 80', 'AC-Condutor Moto/Caminhão', 235),
(808, 'SP', 'F', '71 a 80', 'AD-Condutor Moto/Ônibus', 318),
(809, 'SP', 'F', '71 a 80', 'AE-Condutor Moto/Carreta', 29),
(810, 'SP', 'F', '71 a 80', 'B-Condutor Carro', 431163),
(811, 'SP', 'F', '71 a 80', 'C-Condutor Caminhão', 6637),
(812, 'SP', 'F', '71 a 80', 'D-Condutor Ônibus', 4453),
(813, 'SP', 'F', '71 a 80', 'E-Condutor Carreta', 75),
(814, 'SP', 'F', '81 a 90', 'A-Condutor Moto', 17),
(815, 'SP', 'F', '81 a 90', 'AB-Condutor Moto/Carro', 799),
(816, 'SP', 'F', '81 a 90', 'AC-Condutor Moto/Caminhão', 29),
(817, 'SP', 'F', '81 a 90', 'AD-Condutor Moto/Ônibus', 47),
(818, 'SP', 'F', '81 a 90', 'AE-Condutor Moto/Carreta', 3),
(819, 'SP', 'F', '81 a 90', 'B-Condutor Carro', 146497),
(820, 'SP', 'F', '81 a 90', 'C-Condutor Caminhão', 1169),
(821, 'SP', 'F', '81 a 90', 'D-Condutor Ônibus', 900),
(822, 'SP', 'F', '81 a 90', 'E-Condutor Carreta', 12),
(823, 'SP', 'F', '91 a 100', 'A-Condutor Moto', 2),
(824, 'SP', 'F', '91 a 100', 'AB-Condutor Moto/Carro', 83),
(825, 'SP', 'F', '91 a 100', 'AC-Condutor Moto/Caminhão', 1),
(826, 'SP', 'F', '91 a 100', 'AD-Condutor Moto/Ônibus', 5),
(827, 'SP', 'F', '91 a 100', 'B-Condutor Carro', 35852),
(828, 'SP', 'F', '91 a 100', 'C-Condutor Caminhão', 77),
(829, 'SP', 'F', '91 a 100', 'D-Condutor Ônibus', 54),
(830, 'SP', 'F', '91 a 100', 'E-Condutor Carreta', 2),
(831, 'SP', 'F', '101 a 120', 'A-Condutor Moto', 1),
(832, 'SP', 'F', '101 a 120', 'AB-Condutor Moto/Carro', 8),
(833, 'SP', 'F', '101 a 120', 'B-Condutor Carro', 2643),
(834, 'SP', 'F', '101 a 120', 'C-Condutor Caminhão', 5),
(835, 'SP', 'F', '101 a 120', 'D-Condutor Ônibus', 1),
(836, 'SP', 'F', 'Mais de 120', 'AB-Condutor Moto/Carro', 1);